Price,Close,High,Low,Open,Volume
Ticker,^GSPC,^GSPC,^GSPC,^GSPC,^GSPC
Datetime,,,,,
2025-03-21 13:30:00+00:00,5622.93017578125,5630.72998046875,5617.3798828125,5630.72998046875,0
2025-03-21 13:31:00+00:00,5613.58984375,5624.35009765625,5613.58984375,5623.02978515625,21209095
2025-03-21 13:32:00+00:00,5609.91015625,5613.22021484375,5607.7099609375,5613.22021484375,18779343
2025-03-21 13:33:00+00:00,5620.16015625,5621.240234375,5609.66015625,5610.0498046875,17554556
2025-03-21 13:34:00+00:00,5619.0498046875,5622.240234375,5618.7900390625,5619.75,26755172
2025-03-21 13:35:00+00:00,5608.6298828125,5619.31005859375,5608.6298828125,5618.759765625,16449004
2025-03-21 13:36:00+00:00,5611.6201171875,5612.64013671875,5605.5,5608.6298828125,12879623
2025-03-21 13:37:00+00:00,5613.47021484375,5614.919921875,5611.89990234375,5611.97021484375,10560316
2025-03-21 13:38:00+00:00,5611.22998046875,5614.14013671875,5610.6298828125,5613.0400390625,9012712
2025-03-21 13:39:00+00:00,5610.64990234375,5612.47998046875,5610.3798828125,5611.18994140625,8017671
2025-03-21 13:40:00+00:00,5619.2099609375,5619.58984375,5609.77978515625,5610.93017578125,9599087
2025-03-21 13:41:00+00:00,5619.2099609375,5621.080078125,5617.7001953125,5619.14013671875,8793264
2025-03-21 13:42:00+00:00,5623.52978515625,5623.52978515625,5617.89013671875,5619.0,7963233
2025-03-21 13:43:00+00:00,5623.02978515625,5624.72021484375,5620.9501953125,5623.60009765625,8387450
2025-03-21 13:44:00+00:00,5618.509765625,5622.990234375,5618.509765625,5622.990234375,7839584
2025-03-21 13:45:00+00:00,5616.89990234375,5619.5498046875,5616.60009765625,5618.89990234375,8556983
2025-03-21 13:46:00+00:00,5620.06982421875,5622.330078125,5615.52001953125,5616.68017578125,8888047
2025-03-21 13:47:00+00:00,5618.97998046875,5619.68994140625,5615.31982421875,5619.68994140625,7654160
2025-03-21 13:48:00+00:00,5620.22998046875,5621.77978515625,5617.39013671875,5619.06005859375,8526507
2025-03-21 13:49:00+00:00,5620.08984375,5620.5,5617.91015625,5619.9501953125,7428988
2025-03-21 13:50:00+00:00,5621.1201171875,5621.22021484375,5617.93017578125,5620.06005859375,7839471
2025-03-21 13:51:00+00:00,5622.58984375,5622.6201171875,5619.41015625,5620.990234375,6636793
2025-03-21 13:54:00+00:00,5619.72021484375,5620.259765625,5618.81982421875,5618.830078125,26975750
2025-03-21 13:55:00+00:00,5617.68017578125,5620.97021484375,5616.9599609375,5619.52001953125,6647658
2025-03-21 13:56:00+00:00,5618.7099609375,5619.2900390625,5617.56982421875,5617.56982421875,5981543
2025-03-21 13:57:00+00:00,5622.6201171875,5622.81005859375,5618.39990234375,5618.740234375,7590248
2025-03-21 13:58:00+00:00,5622.919921875,5624.919921875,5622.47021484375,5622.759765625,6867822
2025-03-21 13:59:00+00:00,5621.35009765625,5622.91015625,5621.02978515625,5622.91015625,8091127
2025-03-21 14:00:00+00:00,5617.759765625,5622.25,5617.14013671875,5621.22021484375,10009770
2025-03-21 14:01:00+00:00,5614.259765625,5618.669921875,5613.64990234375,5618.509765625,8690282
2025-03-21 14:02:00+00:00,5613.02978515625,5614.31982421875,5612.10986328125,5614.27001953125,7762004
2025-03-21 14:03:00+00:00,5614.2900390625,5614.81005859375,5611.8701171875,5612.89013671875,6843375
2025-03-21 14:04:00+00:00,5616.27978515625,5617.0498046875,5612.77978515625,5614.66015625,7561022
2025-03-21 14:05:00+00:00,5612.2099609375,5618.47998046875,5612.2099609375,5616.3701171875,8715692
2025-03-21 14:06:00+00:00,5613.75,5614.93017578125,5611.93994140625,5611.93994140625,6684170
2025-03-21 14:07:00+00:00,5614.330078125,5614.60009765625,5611.6298828125,5613.72998046875,7756576
2025-03-21 14:08:00+00:00,5610.4599609375,5616.14013671875,5610.4599609375,5614.47021484375,6299868
2025-03-21 14:09:00+00:00,5607.43017578125,5610.35986328125,5607.080078125,5610.2001953125,6642211
2025-03-21 14:10:00+00:00,5607.77001953125,5609.52978515625,5606.10009765625,5607.3798828125,7347137
2025-03-21 14:11:00+00:00,5603.93994140625,5607.56982421875,5603.10009765625,5607.56982421875,8840218
2025-03-21 14:12:00+00:00,5609.89013671875,5609.89013671875,5603.85986328125,5603.85986328125,8270754
2025-03-21 14:13:00+00:00,5611.39990234375,5612.8798828125,5609.72998046875,5610.08984375,5742548
2025-03-21 14:14:00+00:00,5614.2998046875,5614.93994140625,5611.22998046875,5611.2900390625,4989078
2025-03-21 14:15:00+00:00,5610.3798828125,5615.8701171875,5610.3798828125,5614.330078125,7455481
2025-03-21 14:16:00+00:00,5611.9501953125,5613.22998046875,5610.41015625,5610.52978515625,5877526
2025-03-21 14:17:00+00:00,5612.009765625,5612.9599609375,5611.0400390625,5611.97998046875,6211669
2025-03-21 14:18:00+00:00,5616.56005859375,5617.75,5611.5400390625,5611.990234375,8342799
2025-03-21 14:19:00+00:00,5617.18994140625,5617.18994140625,5614.43994140625,5616.2998046875,6407350
2025-03-21 14:20:00+00:00,5616.10986328125,5618.0498046875,5615.68017578125,5617.2900390625,6160830
2025-03-21 14:21:00+00:00,5617.93994140625,5617.93994140625,5613.75,5616.06982421875,6329494
2025-03-21 14:22:00+00:00,5621.990234375,5621.990234375,5618.14013671875,5618.18017578125,7346372
2025-03-21 14:23:00+00:00,5623.240234375,5624.68994140625,5621.81005859375,5622.0498046875,8273050
2025-03-21 14:24:00+00:00,5624.25,5625.56005859375,5623.2099609375,5623.2099609375,6431221
2025-03-21 14:25:00+00:00,5622.3798828125,5624.3798828125,5620.75,5624.31982421875,5790724
2025-03-21 14:26:00+00:00,5625.0400390625,5625.93017578125,5621.56982421875,5622.47021484375,5726764
2025-03-21 14:27:00+00:00,5622.759765625,5625.10986328125,5622.47998046875,5625.0400390625,6897409
2025-03-21 14:28:00+00:00,5622.68994140625,5623.22998046875,5622.14013671875,5622.68994140625,6174052
2025-03-21 14:29:00+00:00,5621.5,5623.669921875,5620.89013671875,5622.72998046875,6374888
2025-03-21 14:30:00+00:00,5622.27001953125,5622.2900390625,5619.740234375,5621.72998046875,6374311
2025-03-21 14:31:00+00:00,5621.5498046875,5621.81005859375,5618.5498046875,5621.81005859375,7096050
2025-03-21 14:32:00+00:00,5621.97998046875,5623.8798828125,5621.02978515625,5621.7998046875,6515098
2025-03-21 14:33:00+00:00,5621.6298828125,5623.169921875,5621.6298828125,5622.02001953125,5718993
2025-03-21 14:34:00+00:00,5622.2900390625,5622.759765625,5620.97998046875,5621.52001953125,5910248
2025-03-21 14:35:00+00:00,5621.72998046875,5622.669921875,5621.56982421875,5622.35009765625,6147978
2025-03-21 14:36:00+00:00,5620.56982421875,5623.85009765625,5620.56982421875,5621.85986328125,7075481
2025-03-21 14:37:00+00:00,5619.9501953125,5620.7001953125,5618.3798828125,5620.43994140625,4888497
2025-03-21 14:38:00+00:00,5619.91015625,5620.009765625,5619.22998046875,5619.91015625,4849057
2025-03-21 14:39:00+00:00,5615.75,5620.14013671875,5615.68017578125,5620.0400390625,5681005
2025-03-21 14:40:00+00:00,5619.39990234375,5619.39990234375,5614.16015625,5615.60009765625,6969502
2025-03-21 14:41:00+00:00,5616.169921875,5620.68017578125,5616.169921875,5619.35986328125,5920396
2025-03-21 14:42:00+00:00,5616.2998046875,5616.64013671875,5613.66015625,5616.2001953125,6022306
2025-03-21 14:43:00+00:00,5619.64013671875,5619.97021484375,5615.759765625,5616.14990234375,5084776
2025-03-21 14:44:00+00:00,5621.56982421875,5622.33984375,5619.08984375,5619.68017578125,5646031
2025-03-21 14:45:00+00:00,5620.77978515625,5621.75,5618.93017578125,5621.47021484375,5378000
2025-03-21 14:46:00+00:00,5621.7900390625,5622.97998046875,5620.72998046875,5620.83984375,5837000
2025-03-21 14:47:00+00:00,5622.419921875,5622.7900390625,5620.919921875,5621.759765625,5060000
2025-03-21 14:48:00+00:00,5624.2001953125,5624.8701171875,5622.3701171875,5622.509765625,5552000
2025-03-21 14:49:00+00:00,5623.740234375,5625.0400390625,5623.56005859375,5624.27001953125,4338000
2025-03-21 14:50:00+00:00,5624.47021484375,5625.5,5623.56005859375,5623.740234375,4911000
2025-03-21 14:51:00+00:00,5620.830078125,5624.740234375,5620.830078125,5624.4599609375,5442000
2025-03-21 14:52:00+00:00,5622.89990234375,5623.22021484375,5620.27001953125,5620.85986328125,5479000
2025-03-21 14:53:00+00:00,5623.7001953125,5623.830078125,5622.58984375,5622.919921875,4101000
2025-03-21 14:54:00+00:00,5624.97998046875,5624.97998046875,5622.6201171875,5623.77001953125,4926000
2025-03-21 14:55:00+00:00,5627.10009765625,5627.10009765625,5625.1298828125,5625.1298828125,5169000
2025-03-21 14:56:00+00:00,5633.85009765625,5634.68994140625,5627.18017578125,5627.18017578125,6846000
2025-03-21 14:57:00+00:00,5632.6201171875,5634.1201171875,5632.2001953125,5633.66015625,5162000
2025-03-21 14:58:00+00:00,5634.5,5634.5,5632.259765625,5632.56982421875,5418000
2025-03-21 14:59:00+00:00,5637.509765625,5637.52001953125,5634.419921875,5634.60009765625,6314000
2025-03-21 15:00:00+00:00,5639.759765625,5640.5,5637.25,5637.25,7690000
2025-03-21 15:01:00+00:00,5639.81982421875,5640.259765625,5638.08984375,5639.31005859375,6037000
2025-03-21 15:02:00+00:00,5636.8798828125,5640.330078125,5636.7998046875,5639.81982421875,5990000
2025-03-21 15:03:00+00:00,5638.93017578125,5639.14990234375,5636.7998046875,5636.97021484375,4618000
2025-03-21 15:04:00+00:00,5635.47021484375,5639.1298828125,5635.22998046875,5639.1298828125,7297000
2025-03-21 15:05:00+00:00,5635.25,5635.6201171875,5634.06982421875,5635.5400390625,4983000
2025-03-21 15:06:00+00:00,5636.830078125,5638.10986328125,5634.64990234375,5634.8798828125,6091000
2025-03-21 15:07:00+00:00,5635.77001953125,5636.9501953125,5635.02978515625,5636.7001953125,6068000
2025-03-21 15:08:00+00:00,5636.7001953125,5637.2998046875,5635.77001953125,5635.81005859375,3883000
2025-03-21 15:09:00+00:00,5637.33984375,5637.56005859375,5635.89013671875,5636.77001953125,5076000
2025-03-21 15:10:00+00:00,5637.35986328125,5637.8798828125,5637.080078125,5637.41015625,4134000
2025-03-21 15:11:00+00:00,5637.14013671875,5638.06982421875,5636.83984375,5637.0498046875,7140000
2025-03-21 15:12:00+00:00,5635.56005859375,5638.02978515625,5635.56005859375,5637.1201171875,5924000
2025-03-21 15:13:00+00:00,5630.64990234375,5635.35009765625,5630.64990234375,5635.35009765625,7649000
2025-03-21 15:14:00+00:00,5628.68017578125,5631.18017578125,5628.64013671875,5630.81005859375,5986000
2025-03-21 15:15:00+00:00,5624.75,5629.22998046875,5624.75,5628.669921875,7234000
2025-03-21 15:16:00+00:00,5628.14013671875,5628.31982421875,5624.22021484375,5624.7998046875,6309000
2025-03-21 15:17:00+00:00,5628.259765625,5629.1201171875,5627.60986328125,5628.330078125,4256000
2025-03-21 15:18:00+00:00,5628.08984375,5629.83984375,5627.259765625,5628.25,5380000
2025-03-21 15:19:00+00:00,5625.56982421875,5628.93017578125,5625.27001953125,5627.93994140625,4560000
2025-03-21 15:20:00+00:00,5623.64990234375,5625.509765625,5623.5400390625,5625.33984375,4937000
2025-03-21 15:21:00+00:00,5623.77001953125,5624.14013671875,5623.10009765625,5623.58984375,3826000
2025-03-21 15:22:00+00:00,5625.52978515625,5626.1201171875,5622.330078125,5623.3798828125,5338000
2025-03-21 15:23:00+00:00,5623.0400390625,5625.830078125,5623.0400390625,5625.52001953125,4723000
2025-03-21 15:24:00+00:00,5622.43994140625,5624.22021484375,5621.66015625,5623.16015625,4231000
2025-03-21 15:25:00+00:00,5623.240234375,5623.759765625,5622.2099609375,5622.4599609375,4205000
2025-03-21 15:26:00+00:00,5623.009765625,5623.89013671875,5622.2998046875,5623.22021484375,4019000
2025-03-21 15:27:00+00:00,5620.5498046875,5623.06005859375,5620.1298828125,5622.89990234375,4472000
2025-03-21 15:28:00+00:00,5621.85986328125,5622.080078125,5620.64013671875,5620.64013671875,4100000
2025-03-21 15:29:00+00:00,5621.009765625,5621.77978515625,5620.35986328125,5621.77978515625,4579000
2025-03-21 15:30:00+00:00,5622.56005859375,5622.72998046875,5620.22021484375,5620.8798828125,4515000
2025-03-21 15:31:00+00:00,5623.18994140625,5623.52978515625,5621.89990234375,5622.5498046875,4733000
2025-03-21 15:32:00+00:00,5626.85009765625,5626.85986328125,5623.2099609375,5623.2099609375,4710000
2025-03-21 15:33:00+00:00,5623.7099609375,5627.68017578125,5623.580078125,5626.93017578125,6368000
2025-03-21 15:34:00+00:00,5623.77978515625,5623.919921875,5622.83984375,5623.490234375,4201000
2025-03-21 15:35:00+00:00,5622.5400390625,5623.759765625,5621.97998046875,5623.759765625,5973000
2025-03-21 15:36:00+00:00,5622.66015625,5623.85009765625,5622.240234375,5622.56982421875,6366000
2025-03-21 15:37:00+00:00,5624.27001953125,5624.8798828125,5622.41015625,5622.64013671875,4682000
2025-03-21 15:38:00+00:00,5622.8798828125,5624.4599609375,5622.8798828125,5624.18994140625,4588000
2025-03-21 15:39:00+00:00,5622.56005859375,5623.330078125,5622.2001953125,5622.85986328125,4569000
2025-03-21 15:40:00+00:00,5623.22998046875,5623.68994140625,5621.2001953125,5622.58984375,4501000
2025-03-21 15:41:00+00:00,5617.419921875,5623.3701171875,5616.7099609375,5623.2001953125,5848000
2025-03-21 15:42:00+00:00,5614.0400390625,5617.91015625,5614.0400390625,5617.509765625,5549000
2025-03-21 15:43:00+00:00,5613.91015625,5614.4599609375,5612.47998046875,5614.06005859375,4803000
2025-03-21 15:44:00+00:00,5613.919921875,5614.5,5613.47998046875,5613.93994140625,3850000
2025-03-21 15:45:00+00:00,5615.2998046875,5615.669921875,5613.52978515625,5613.8701171875,3456000
2025-03-21 15:46:00+00:00,5615.6201171875,5616.0400390625,5615.080078125,5615.2900390625,3253000
2025-03-21 15:47:00+00:00,5618.759765625,5619.10009765625,5615.6201171875,5615.6201171875,5113000
2025-03-21 15:48:00+00:00,5618.14013671875,5620.3701171875,5617.830078125,5618.740234375,4295000
2025-03-21 15:49:00+00:00,5617.72998046875,5619.009765625,5617.35986328125,5618.18994140625,4288000
2025-03-21 15:50:00+00:00,5614.16015625,5617.759765625,5614.06982421875,5617.740234375,4519000
2025-03-21 15:51:00+00:00,5617.6298828125,5617.6298828125,5614.1201171875,5614.14990234375,4563000
2025-03-21 15:52:00+00:00,5619.64013671875,5619.89990234375,5617.35986328125,5617.5498046875,4494000
2025-03-21 15:53:00+00:00,5615.4501953125,5619.58984375,5612.240234375,5619.5400390625,6706000
2025-03-21 15:54:00+00:00,5617.08984375,5617.56005859375,5614.66015625,5615.419921875,3694000
2025-03-21 15:55:00+00:00,5619.56005859375,5619.60986328125,5617.06982421875,5617.06982421875,3842000
2025-03-21 15:56:00+00:00,5621.47998046875,5621.47998046875,5619.43017578125,5619.60009765625,3614000
2025-03-21 15:57:00+00:00,5619.169921875,5621.490234375,5618.97021484375,5621.39990234375,4194000
2025-03-21 15:58:00+00:00,5618.9599609375,5619.9599609375,5618.3798828125,5619.1201171875,3523000
2025-03-21 15:59:00+00:00,5617.39990234375,5618.8798828125,5617.14013671875,5618.8798828125,3860000
2025-03-21 16:00:00+00:00,5617.56005859375,5618.68994140625,5616.080078125,5617.14013671875,4994000
2025-03-21 16:01:00+00:00,5617.52001953125,5621.14013671875,5616.64013671875,5617.47998046875,7232000
2025-03-21 16:02:00+00:00,5614.47998046875,5617.91015625,5611.41015625,5617.52001953125,8669000
2025-03-21 16:03:00+00:00,5617.990234375,5620.7099609375,5614.64990234375,5614.64990234375,6670000
2025-03-21 16:04:00+00:00,5620.27001953125,5620.77978515625,5618.0498046875,5618.0498046875,4550000
2025-03-21 16:05:00+00:00,5621.56005859375,5621.56005859375,5620.14990234375,5620.330078125,3624000
2025-03-21 16:06:00+00:00,5623.7998046875,5625.35009765625,5621.39990234375,5621.47998046875,5376000
2025-03-21 16:07:00+00:00,5623.509765625,5624.14990234375,5622.5400390625,5623.81982421875,2953000
2025-03-21 16:09:00+00:00,5627.52001953125,5627.64013671875,5625.080078125,5625.080078125,9835000
2025-03-21 16:10:00+00:00,5628.6201171875,5628.6201171875,5627.4599609375,5627.509765625,1075000
2025-03-21 16:12:00+00:00,5635.990234375,5636.02978515625,5633.85009765625,5634.080078125,14108000
2025-03-21 16:13:00+00:00,5635.43017578125,5637.27001953125,5635.35009765625,5635.93017578125,5000000
2025-03-21 16:15:00+00:00,5635.39013671875,5637.1201171875,5634.830078125,5636.43017578125,9556000
2025-03-21 16:16:00+00:00,5636.93017578125,5637.33984375,5635.330078125,5635.5,5016000
2025-03-21 16:17:00+00:00,5639.35009765625,5639.64990234375,5637.02001953125,5637.06982421875,4317000
2025-03-21 16:18:00+00:00,5643.169921875,5643.8701171875,5639.43017578125,5639.56005859375,6404000
2025-03-21 16:19:00+00:00,5644.669921875,5645.60986328125,5643.31005859375,5643.31005859375,5470000
2025-03-21 16:20:00+00:00,5646.75,5647.2001953125,5643.81982421875,5644.25,5542000
2025-03-21 16:21:00+00:00,5644.10009765625,5647.8701171875,5643.77978515625,5646.68994140625,5558000
2025-03-21 16:22:00+00:00,5645.4501953125,5645.4501953125,5644.2001953125,5644.2001953125,4099000
2025-03-21 16:23:00+00:00,5647.830078125,5647.9501953125,5644.9501953125,5645.39990234375,5601000
2025-03-21 16:24:00+00:00,5649.4599609375,5649.64990234375,5647.75,5647.75,5517000
2025-03-21 16:25:00+00:00,5647.31005859375,5650.10009765625,5647.16015625,5649.5498046875,5440000
2025-03-21 16:26:00+00:00,5647.72998046875,5648.330078125,5645.97021484375,5647.509765625,4642000
2025-03-21 16:27:00+00:00,5649.25,5649.509765625,5647.740234375,5647.740234375,4541000
2025-03-21 16:28:00+00:00,5648.93994140625,5649.89013671875,5648.68994140625,5649.47998046875,4704000
2025-03-21 16:29:00+00:00,5646.77001953125,5649.16015625,5646.77001953125,5649.0400390625,6418000
2025-03-21 16:30:00+00:00,5647.18994140625,5647.52978515625,5645.60009765625,5646.81005859375,5924000
2025-03-21 16:31:00+00:00,5646.72021484375,5647.9501953125,5646.31005859375,5646.990234375,4488000
2025-03-21 16:32:00+00:00,5649.10009765625,5649.9501953125,5647.14990234375,5647.16015625,4936000
2025-03-21 16:33:00+00:00,5645.41015625,5649.0,5645.2001953125,5649.0,4853000
2025-03-21 16:34:00+00:00,5647.81005859375,5647.81005859375,5645.31005859375,5645.47021484375,4153000
2025-03-21 16:35:00+00:00,5644.43017578125,5647.91015625,5644.259765625,5647.81982421875,4564000
2025-03-21 16:36:00+00:00,5642.14013671875,5644.669921875,5642.14013671875,5644.47021484375,4660000
2025-03-21 16:37:00+00:00,5641.52001953125,5643.47998046875,5641.52001953125,5641.89013671875,3641000
2025-03-21 16:38:00+00:00,5642.33984375,5642.58984375,5641.33984375,5641.669921875,3655000
2025-03-21 16:39:00+00:00,5644.27001953125,5644.3701171875,5641.68017578125,5642.4501953125,4036000
2025-03-21 16:40:00+00:00,5644.93017578125,5645.39013671875,5643.4599609375,5644.39013671875,4048000
2025-03-21 16:41:00+00:00,5646.66015625,5646.89990234375,5645.31982421875,5645.35986328125,3845000
2025-03-21 16:42:00+00:00,5645.10986328125,5646.6201171875,5645.009765625,5646.6201171875,3737000
2025-03-21 16:43:00+00:00,5643.85986328125,5646.14990234375,5643.509765625,5645.16015625,3757000
2025-03-21 16:44:00+00:00,5641.81982421875,5644.1298828125,5641.18994140625,5644.1298828125,4133000
2025-03-21 16:45:00+00:00,5645.259765625,5645.2998046875,5642.02978515625,5642.02978515625,4471000
2025-03-21 16:46:00+00:00,5647.259765625,5647.259765625,5645.240234375,5645.240234375,4056000
2025-03-21 16:47:00+00:00,5650.5400390625,5650.5400390625,5647.27001953125,5647.330078125,4339000
2025-03-21 16:48:00+00:00,5650.22021484375,5650.740234375,5649.490234375,5650.68994140625,3915000
2025-03-21 16:49:00+00:00,5651.18994140625,5651.91015625,5650.64990234375,5650.64990234375,3788000
2025-03-21 16:50:00+00:00,5650.43017578125,5651.1201171875,5649.75,5651.1201171875,3676000
2025-03-21 16:51:00+00:00,5650.72998046875,5651.14013671875,5648.85986328125,5650.4501953125,3386000
2025-03-21 16:52:00+00:00,5650.18994140625,5652.5400390625,5649.830078125,5650.81982421875,4300000
2025-03-21 16:53:00+00:00,5650.64990234375,5650.64990234375,5649.4599609375,5650.169921875,2881000
2025-03-21 16:54:00+00:00,5650.25,5651.33984375,5649.97021484375,5650.6298828125,3952000
2025-03-21 16:55:00+00:00,5651.22998046875,5651.31982421875,5649.08984375,5650.14990234375,3819000
2025-03-21 16:56:00+00:00,5651.5400390625,5651.7001953125,5650.75,5651.27001953125,4131000
2025-03-21 16:57:00+00:00,5656.080078125,5656.43017578125,5651.52001953125,5651.5498046875,6140000
2025-03-21 16:58:00+00:00,5658.43994140625,5658.43994140625,5655.89990234375,5655.9501953125,4705000
2025-03-21 16:59:00+00:00,5658.81982421875,5658.81982421875,5657.8798828125,5658.41015625,4371000
2025-03-21 17:00:00+00:00,5655.08984375,5658.77978515625,5655.08984375,5658.77978515625,5230000
2025-03-21 17:01:00+00:00,5655.81005859375,5656.39990234375,5655.0400390625,5655.080078125,4634000
2025-03-21 17:02:00+00:00,5653.990234375,5655.81982421875,5653.0400390625,5655.81982421875,5301000
2025-03-21 17:03:00+00:00,5652.5400390625,5654.18994140625,5651.8798828125,5654.0400390625,4606000
2025-03-21 17:04:00+00:00,5653.68994140625,5653.85986328125,5651.77001953125,5652.47998046875,4061000
2025-03-21 17:05:00+00:00,5655.14990234375,5655.14990234375,5653.47998046875,5653.72021484375,3526000
2025-03-21 17:06:00+00:00,5655.68994140625,5656.52001953125,5654.83984375,5655.18017578125,3573000
2025-03-21 17:07:00+00:00,5654.89013671875,5655.83984375,5654.830078125,5655.7001953125,3818000
2025-03-21 17:08:00+00:00,5656.06982421875,5656.080078125,5654.8701171875,5654.8701171875,3188000
2025-03-21 17:09:00+00:00,5656.259765625,5656.66015625,5655.85986328125,5656.0,9474000
2025-03-21 17:10:00+00:00,5654.990234375,5657.259765625,5654.990234375,5656.22998046875,4810000
2025-03-21 17:11:00+00:00,5651.31982421875,5654.9599609375,5651.25,5654.9599609375,6413000
2025-03-21 17:12:00+00:00,5652.7099609375,5653.27001953125,5651.14013671875,5651.33984375,3472000
2025-03-21 17:13:00+00:00,5651.2099609375,5653.31982421875,5651.14013671875,5652.68994140625,4163000
2025-03-21 17:14:00+00:00,5650.4501953125,5651.91015625,5649.3701171875,5651.2001953125,4139000
2025-03-21 17:15:00+00:00,5650.39990234375,5650.6298828125,5648.830078125,5650.41015625,6236000
2025-03-21 17:16:00+00:00,5651.18994140625,5651.18994140625,5649.16015625,5650.31005859375,3760000
2025-03-21 17:17:00+00:00,5649.490234375,5651.10986328125,5649.39990234375,5651.10986328125,3704000
2025-03-21 17:18:00+00:00,5648.52978515625,5649.7001953125,5647.919921875,5649.52978515625,3802000
2025-03-21 17:19:00+00:00,5646.39990234375,5648.89013671875,5646.39990234375,5648.8701171875,3935000
2025-03-21 17:20:00+00:00,5646.56982421875,5646.56982421875,5645.18994140625,5646.27978515625,3769000
2025-03-21 17:21:00+00:00,5648.68017578125,5648.68017578125,5645.7998046875,5646.64013671875,4155000
2025-03-21 17:22:00+00:00,5650.25,5650.2900390625,5648.72021484375,5648.77001953125,5410000
2025-03-21 17:23:00+00:00,5649.419921875,5650.97021484375,5649.259765625,5650.27001953125,5126000
2025-03-21 17:24:00+00:00,5650.52978515625,5651.43994140625,5649.41015625,5649.47998046875,4154000
2025-03-21 17:25:00+00:00,5648.56005859375,5651.08984375,5648.3798828125,5650.52001953125,3456000
2025-03-21 17:26:00+00:00,5646.81005859375,5648.56982421875,5646.52001953125,5648.5498046875,3298000
2025-03-21 17:27:00+00:00,5642.31982421875,5646.7099609375,5642.31982421875,5646.7099609375,4261000
2025-03-21 17:28:00+00:00,5644.02978515625,5644.0400390625,5642.22021484375,5642.22021484375,3539000
2025-03-21 17:29:00+00:00,5643.68017578125,5644.22021484375,5643.490234375,5644.080078125,3015000
2025-03-21 17:30:00+00:00,5642.89990234375,5643.759765625,5641.68017578125,5643.669921875,3715000
2025-03-21 17:31:00+00:00,5640.0,5642.830078125,5640.0,5642.830078125,4404000
2025-03-21 17:32:00+00:00,5641.56982421875,5641.56982421875,5638.759765625,5640.009765625,3780000
2025-03-21 17:33:00+00:00,5643.1298828125,5643.1298828125,5641.52978515625,5641.52978515625,4007000
2025-03-21 17:34:00+00:00,5643.35009765625,5644.080078125,5642.7998046875,5643.2001953125,3441000
2025-03-21 17:35:00+00:00,5644.25,5644.5400390625,5643.4501953125,5643.4501953125,3223000
2025-03-21 17:36:00+00:00,5647.259765625,5647.5,5644.31005859375,5644.31005859375,3733000
2025-03-21 17:37:00+00:00,5648.25,5648.47021484375,5647.080078125,5647.080078125,3510000
2025-03-21 17:38:00+00:00,5648.97998046875,5649.419921875,5647.72998046875,5648.25,2890000
2025-03-21 17:39:00+00:00,5650.2099609375,5650.2099609375,5648.56005859375,5648.990234375,3127000
2025-03-21 17:40:00+00:00,5650.93994140625,5650.990234375,5649.75,5650.2099609375,3635000
2025-03-21 17:41:00+00:00,5650.08984375,5651.02001953125,5649.830078125,5650.93017578125,3781000
2025-03-21 17:42:00+00:00,5650.27001953125,5650.43017578125,5649.4599609375,5650.06005859375,2942000
2025-03-21 17:43:00+00:00,5654.81005859375,5654.89990234375,5650.31982421875,5650.330078125,5185000
2025-03-21 17:44:00+00:00,5653.5400390625,5655.4501953125,5653.5400390625,5654.990234375,3544000
2025-03-21 17:45:00+00:00,5654.1201171875,5654.8701171875,5653.39990234375,5653.39990234375,3475000
2025-03-21 17:46:00+00:00,5656.06982421875,5656.72998046875,5654.169921875,5654.169921875,3945000
2025-03-21 17:47:00+00:00,5654.7099609375,5656.490234375,5654.2099609375,5656.1201171875,3570000
2025-03-21 17:48:00+00:00,5656.75,5656.7900390625,5654.77001953125,5654.77001953125,3362000
2025-03-21 17:49:00+00:00,5658.759765625,5658.9599609375,5656.75,5656.75,4838000
2025-03-21 17:50:00+00:00,5659.16015625,5661.22998046875,5658.5400390625,5658.759765625,5772000
2025-03-21 17:51:00+00:00,5659.75,5660.5,5659.0,5659.14990234375,4070000
2025-03-21 17:52:00+00:00,5661.35986328125,5661.60986328125,5659.56982421875,5659.759765625,3969000
2025-03-21 17:53:00+00:00,5660.0,5661.56005859375,5660.0,5661.43017578125,3312000
2025-03-21 17:54:00+00:00,5658.169921875,5659.93994140625,5657.2998046875,5659.93994140625,4949000
2025-03-21 17:55:00+00:00,5657.06982421875,5658.5498046875,5656.85986328125,5658.22021484375,3757000
2025-03-21 17:56:00+00:00,5654.58984375,5657.0498046875,5654.58984375,5657.0498046875,3731000
2025-03-21 17:57:00+00:00,5654.0498046875,5654.43994140625,5653.47021484375,5654.43994140625,3023000
2025-03-21 17:58:00+00:00,5651.2998046875,5654.18994140625,5651.240234375,5654.0400390625,3837000
2025-03-21 17:59:00+00:00,5651.75,5653.06982421875,5651.39013671875,5651.39013671875,3616000
2025-03-21 18:00:00+00:00,5653.3701171875,5653.6201171875,5651.58984375,5651.81005859375,3517000
2025-03-21 18:01:00+00:00,5654.240234375,5654.5,5652.89990234375,5653.4599609375,4773000
2025-03-21 18:02:00+00:00,5652.68017578125,5654.259765625,5652.60009765625,5654.18994140625,4139000
2025-03-21 18:03:00+00:00,5653.77001953125,5654.18017578125,5652.2900390625,5652.7099609375,4446000
2025-03-21 18:04:00+00:00,5654.35986328125,5655.240234375,5653.7900390625,5653.7900390625,4327000
2025-03-21 18:05:00+00:00,5651.740234375,5654.240234375,5651.35986328125,5654.240234375,3587000
2025-03-21 18:06:00+00:00,5648.16015625,5651.740234375,5648.16015625,5651.740234375,6449000
2025-03-21 18:07:00+00:00,5650.330078125,5650.5,5648.2099609375,5648.2099609375,3527000
2025-03-21 18:08:00+00:00,5649.85986328125,5650.56005859375,5647.8798828125,5650.330078125,4276000
2025-03-21 18:09:00+00:00,5650.9501953125,5651.25,5649.77978515625,5649.8798828125,3573000
2025-03-21 18:10:00+00:00,5650.4501953125,5650.97998046875,5649.52978515625,5650.97998046875,3587000
2025-03-21 18:11:00+00:00,5649.5498046875,5650.52001953125,5649.2900390625,5650.4501953125,3294000
2025-03-21 18:12:00+00:00,5652.240234375,5652.31982421875,5649.43017578125,5649.509765625,4537000
2025-03-21 18:13:00+00:00,5649.18017578125,5652.3798828125,5649.16015625,5652.0400390625,4048000
2025-03-21 18:14:00+00:00,5650.22021484375,5650.22021484375,5647.27001953125,5649.1298828125,5262000
2025-03-21 18:15:00+00:00,5648.5,5650.18017578125,5648.5,5650.16015625,3539000
2025-03-21 18:16:00+00:00,5648.740234375,5649.0498046875,5648.0400390625,5648.5400390625,3185000
2025-03-21 18:17:00+00:00,5651.14990234375,5651.52978515625,5648.68017578125,5648.740234375,3910000
2025-03-21 18:18:00+00:00,5651.7900390625,5652.33984375,5651.18994140625,5651.18994140625,3442000
2025-03-21 18:19:00+00:00,5652.5498046875,5652.5498046875,5650.77978515625,5651.68017578125,3643000
2025-03-21 18:20:00+00:00,5652.43017578125,5653.2998046875,5651.740234375,5652.35009765625,3730000
2025-03-21 18:21:00+00:00,5652.02001953125,5652.5498046875,5651.419921875,5652.31982421875,4259000
2025-03-21 18:22:00+00:00,5651.39013671875,5652.68017578125,5651.330078125,5652.02978515625,6340000
2025-03-21 18:23:00+00:00,5647.169921875,5651.3798828125,5647.10986328125,5651.3798828125,4808000
2025-03-21 18:24:00+00:00,5647.009765625,5647.330078125,5645.97998046875,5647.10986328125,4462000
2025-03-21 18:25:00+00:00,5645.35986328125,5646.93017578125,5644.259765625,5646.93017578125,4475000
2025-03-21 18:26:00+00:00,5645.08984375,5645.31982421875,5644.18017578125,5645.31982421875,3908000
2025-03-21 18:27:00+00:00,5644.419921875,5645.2998046875,5644.39013671875,5644.97021484375,4021000
2025-03-21 18:28:00+00:00,5645.33984375,5646.14990234375,5644.22998046875,5644.52978515625,4827000
2025-03-21 18:29:00+00:00,5643.60986328125,5645.39013671875,5643.41015625,5645.330078125,4121000
2025-03-21 18:30:00+00:00,5645.77001953125,5646.10009765625,5643.58984375,5643.58984375,4581000
2025-03-21 18:31:00+00:00,5648.18994140625,5648.22998046875,5646.10986328125,5646.10986328125,4595000
2025-03-21 18:32:00+00:00,5648.60986328125,5649.5,5648.31005859375,5648.77001953125,4286000
2025-03-21 18:33:00+00:00,5647.509765625,5648.75,5647.06005859375,5648.6201171875,3492000
2025-03-21 18:34:00+00:00,5646.91015625,5648.18994140625,5646.419921875,5647.6201171875,3536000
2025-03-21 18:35:00+00:00,5647.56005859375,5647.56005859375,5646.64013671875,5647.330078125,3920000
2025-03-21 18:36:00+00:00,5648.25,5648.25,5646.66015625,5647.68017578125,4446000
2025-03-21 18:37:00+00:00,5652.1298828125,5652.2099609375,5648.06005859375,5648.259765625,5229000
2025-03-21 18:38:00+00:00,5652.2900390625,5652.5498046875,5651.9599609375,5652.10986328125,4565000
2025-03-21 18:39:00+00:00,5652.22021484375,5653.27978515625,5651.85986328125,5652.330078125,4315000
2025-03-21 18:40:00+00:00,5652.240234375,5653.259765625,5652.0498046875,5652.22021484375,3905000
2025-03-21 18:41:00+00:00,5653.830078125,5654.0498046875,5651.919921875,5652.1298828125,4627000
2025-03-21 18:42:00+00:00,5653.740234375,5654.75,5652.91015625,5653.89013671875,5033000
2025-03-21 18:43:00+00:00,5653.60986328125,5654.0498046875,5653.2998046875,5653.759765625,3988000
2025-03-21 18:44:00+00:00,5654.52001953125,5655.06982421875,5653.7001953125,5653.7001953125,3837000
2025-03-21 18:45:00+00:00,5652.47021484375,5654.8701171875,5652.39990234375,5654.52001953125,4786000
2025-03-21 18:46:00+00:00,5648.9599609375,5652.5498046875,5648.75,5652.5498046875,5625000
2025-03-21 18:47:00+00:00,5647.47998046875,5648.85986328125,5646.77001953125,5648.85986328125,5269000
2025-03-21 18:48:00+00:00,5647.77001953125,5649.08984375,5647.419921875,5647.58984375,5693000
2025-03-21 18:49:00+00:00,5649.72998046875,5649.93994140625,5647.52978515625,5647.6201171875,4815000
2025-03-21 18:50:00+00:00,5648.9599609375,5651.14013671875,5648.83984375,5649.759765625,4860000
2025-03-21 18:51:00+00:00,5646.77001953125,5649.18994140625,5646.740234375,5648.93017578125,5083000
2025-03-21 18:52:00+00:00,5646.16015625,5647.02001953125,5646.14990234375,5646.85986328125,3738000
2025-03-21 18:53:00+00:00,5648.9599609375,5648.9599609375,5646.16015625,5646.16015625,5251000
2025-03-21 18:54:00+00:00,5647.580078125,5648.93994140625,5647.39990234375,5648.93017578125,3657000
2025-03-21 18:55:00+00:00,5650.6298828125,5650.68017578125,5647.72998046875,5647.72998046875,3476000
2025-03-21 18:56:00+00:00,5649.740234375,5649.8798828125,5648.39990234375,5648.39990234375,7233000
2025-03-21 18:57:00+00:00,5650.08984375,5650.5,5648.89013671875,5649.72998046875,5104000
2025-03-21 18:58:00+00:00,5651.330078125,5651.6201171875,5649.7998046875,5650.06982421875,4726000
2025-03-21 18:59:00+00:00,5647.919921875,5651.27001953125,5647.7998046875,5651.27001953125,5452000
2025-03-21 19:00:00+00:00,5644.52001953125,5648.2001953125,5644.35986328125,5647.93017578125,7433000
2025-03-21 19:01:00+00:00,5644.85986328125,5645.22998046875,5642.72021484375,5644.58984375,5772000
2025-03-21 19:02:00+00:00,5644.259765625,5646.33984375,5644.02001953125,5644.72998046875,5241000
2025-03-21 19:03:00+00:00,5643.0,5644.18994140625,5641.81982421875,5644.18994140625,5199000
2025-03-21 19:04:00+00:00,5642.919921875,5643.330078125,5641.7900390625,5643.0,4931000
2025-03-21 19:05:00+00:00,5645.06005859375,5645.06982421875,5642.259765625,5642.91015625,6316000
2025-03-21 19:06:00+00:00,5643.93994140625,5645.3701171875,5643.81005859375,5645.0498046875,4832000
2025-03-21 19:07:00+00:00,5641.3798828125,5644.47021484375,5641.31005859375,5643.919921875,6664000
2025-03-21 19:08:00+00:00,5640.8701171875,5641.8798828125,5640.43994140625,5641.60009765625,5775000
2025-03-21 19:09:00+00:00,5640.91015625,5642.60009765625,5640.72998046875,5640.919921875,4999000
2025-03-21 19:10:00+00:00,5639.330078125,5640.93994140625,5638.43017578125,5640.93994140625,6441000
2025-03-21 19:11:00+00:00,5638.2001953125,5639.419921875,5637.85986328125,5639.3701171875,6246000
2025-03-21 19:12:00+00:00,5637.97021484375,5638.18994140625,5637.58984375,5638.02001953125,5946000
2025-03-21 19:13:00+00:00,5640.08984375,5640.08984375,5638.009765625,5638.02001953125,6074000
2025-03-21 19:14:00+00:00,5643.169921875,5643.60986328125,5640.4599609375,5640.4599609375,7623000
2025-03-21 19:15:00+00:00,5642.52001953125,5643.169921875,5641.39990234375,5643.169921875,5541000
2025-03-21 19:16:00+00:00,5642.0498046875,5642.509765625,5640.3798828125,5642.4501953125,5181000
2025-03-21 19:17:00+00:00,5641.7001953125,5642.22021484375,5641.47021484375,5642.06005859375,6057000
2025-03-21 19:18:00+00:00,5642.58984375,5642.72998046875,5641.10986328125,5641.77001953125,6021000
2025-03-21 19:19:00+00:00,5643.31982421875,5644.27978515625,5642.47998046875,5642.58984375,5765000
2025-03-21 19:20:00+00:00,5640.7001953125,5643.330078125,5640.1201171875,5643.330078125,6531000
2025-03-21 19:21:00+00:00,5638.259765625,5640.81005859375,5638.0,5640.68017578125,7283000
2025-03-21 19:22:00+00:00,5641.10986328125,5641.39013671875,5638.16015625,5638.2900390625,7139000
2025-03-21 19:23:00+00:00,5642.25,5642.47021484375,5641.18017578125,5641.2001953125,5733000
2025-03-21 19:24:00+00:00,5645.6298828125,5646.08984375,5642.2998046875,5642.2998046875,7090000
2025-03-21 19:25:00+00:00,5643.2900390625,5645.60986328125,5643.2900390625,5645.60986328125,6765000
2025-03-21 19:26:00+00:00,5641.669921875,5643.97021484375,5641.669921875,5643.22021484375,6413000
2025-03-21 19:27:00+00:00,5641.0,5641.77001953125,5639.81005859375,5641.77001953125,6495000
2025-03-21 19:28:00+00:00,5641.91015625,5642.08984375,5640.89013671875,5641.0400390625,6118000
2025-03-21 19:29:00+00:00,5642.4501953125,5642.77001953125,5641.259765625,5641.97021484375,7363000
2025-03-21 19:30:00+00:00,5641.52978515625,5643.3798828125,5640.83984375,5642.4599609375,8746000
2025-03-21 19:31:00+00:00,5641.39013671875,5641.83984375,5640.47998046875,5641.4501953125,8578000
2025-03-21 19:32:00+00:00,5642.2001953125,5642.6201171875,5641.18017578125,5641.39990234375,8051000
2025-03-21 19:33:00+00:00,5642.02001953125,5643.18017578125,5641.7001953125,5642.2099609375,7392000
2025-03-21 19:34:00+00:00,5642.3798828125,5643.330078125,5642.0498046875,5642.0498046875,8627000
2025-03-21 19:35:00+00:00,5641.18017578125,5642.2998046875,5640.77978515625,5642.2998046875,10060000
2025-03-21 19:36:00+00:00,5641.56982421875,5641.580078125,5640.0400390625,5641.240234375,9466000
2025-03-21 19:37:00+00:00,5646.27001953125,5646.2900390625,5641.47998046875,5641.47998046875,10051000
2025-03-21 19:38:00+00:00,5646.8798828125,5647.43994140625,5646.2998046875,5646.2998046875,8817000
2025-03-21 19:39:00+00:00,5644.27978515625,5647.0,5643.89990234375,5646.93017578125,9542000
2025-03-21 19:40:00+00:00,5641.83984375,5644.259765625,5640.56982421875,5644.259765625,10636000
2025-03-21 19:41:00+00:00,5641.580078125,5642.16015625,5640.47998046875,5641.89013671875,9192000
2025-03-21 19:42:00+00:00,5643.93994140625,5644.22998046875,5641.740234375,5641.759765625,9599000
2025-03-21 19:43:00+00:00,5645.18017578125,5645.43994140625,5643.66015625,5643.81982421875,9111000
2025-03-21 19:44:00+00:00,5645.4501953125,5645.89990234375,5644.919921875,5645.14990234375,9983000
2025-03-21 19:45:00+00:00,5646.72021484375,5646.72021484375,5645.27978515625,5645.47021484375,12425000
2025-03-21 19:46:00+00:00,5646.580078125,5647.2998046875,5646.08984375,5646.66015625,11996000
2025-03-21 19:47:00+00:00,5647.7001953125,5647.89990234375,5645.2900390625,5646.490234375,12616000
2025-03-21 19:48:00+00:00,5647.06982421875,5647.919921875,5646.5,5647.81005859375,14206000
2025-03-21 19:49:00+00:00,5646.43994140625,5647.22998046875,5645.2900390625,5646.759765625,15695000
2025-03-21 19:50:00+00:00,5653.31982421875,5653.31982421875,5646.52001953125,5646.52001953125,39568000
2025-03-21 19:51:00+00:00,5653.18017578125,5653.759765625,5651.91015625,5653.4501953125,24104000
2025-03-21 19:52:00+00:00,5653.2998046875,5653.41015625,5651.759765625,5653.2900390625,21455000
2025-03-21 19:53:00+00:00,5654.72021484375,5655.330078125,5653.1201171875,5653.1201171875,22656000
2025-03-21 19:54:00+00:00,5658.3701171875,5659.02001953125,5654.740234375,5654.740234375,31393000
2025-03-21 19:55:00+00:00,5663.02001953125,5663.509765625,5658.419921875,5658.419921875,55663000
2025-03-21 19:56:00+00:00,5663.6298828125,5666.43017578125,5662.93994140625,5663.22998046875,38847000
2025-03-21 19:57:00+00:00,5664.75,5665.39990234375,5663.580078125,5663.580078125,44698000
2025-03-21 19:58:00+00:00,5667.56982421875,5667.56982421875,5663.93994140625,5664.52001953125,53337000
2025-03-21 19:59:00+00:00,5666.68017578125,5670.83984375,5666.68017578125,5668.0498046875,126885000
